avoyqjs1dvv,0
avykxfwcs1c,2
awijhguzn5l,2
axo5lmhcuqf,0
b0njebltr1x,0
b0ss3ugcisg,0
b2fcmbr4io1,2
b3g0elky1xs,0
b5uilbu1ml1,0
ba2jddly5kb,0
bajuodtm0bm,2
bbnuyjrfoqj,0
bctenehuqd0,0
bdiotrlcx13,0
biv3x2t2tib,2
bj4ghfae3hm,0
bkuj1gtwelk,0
bmbmvzat1es,2
bn5v0epkheh,0
bnb4sva5lj5,0
bnylrdneuix,0
bnznjd4bhld,2
bolc0vrxhqs,2
bowlgaznnpr,2
bpdfxtaesoa,2
bpiklyz2omp,2
bpmyq3c4apn,0
bsgtwb3ypad,2
bsiwzecam2i,2
bsprqlqxruv,2
bsrfbax05fi,0
bst43jgc2d4,0
bvdyzakh3rt,2
bveqjsjg25n,0
bwzpuhh3i11,2
bzypiq5ghg5,0
c1r0sucuu5y,2
c1s0ncqbbk0,2
c52raonencc,2
c5ed024j2e0,2
c5ldbmrgdql,0
cccg2iuurqj,0
cf5nvues3id,2
cfazboj4osr,2
cfswx14kpkc,2
cgve0vzgsfq,2
chm4z5i5bl0,2
cige4jhxcnq,0
ciy40asiagl,2
cjhj1g52rhz,0
cjnkmmlf0l2,0
clfnzwtvrj5,2
cpxjxd0okla,0
cqizy04s5sa,0
crv35cpf5jd,2
cvks1gesjch,2
cw0rgwmguf5,2
cxwfej0wedq,2
cyzk4v3wzh5,2
d0f11k3eg4z,0
d0o0unvp1xj,2
d3pzgcn3t4a,0
dawv01hmci0,0
dbslsw5jz4y,2
detl0wgn15g,2
dffftclapes,2
dgm0mssh3zi,0
diohk14ivqv,2
dkv5vfgo4th,0
dlupnzstdwi,0
do2yvtlohiy,0
dpsxcsj2cpk,0
dq0mgjoekcm,0
drbycecrh13,2
drqlixiy4rm,0
dtjshueca0v,2
dttjvfjauxr,0
dtu43qflmaa,0
du1txqd0m3s,0
dukjvcfblfo,2
dv22v4gdllj,0
dw2slkwjytv,0
dydkjjyewft,0
dz0znbcjpyv,2
e2ltpqtdbjp,2
e32vqu0wshi,0
e3o0as4ti0m,2
e4cey2gec1u,2
e4cl3abhynh,0
e5il4lgp2eb,2
edbqxcmmci4,0
edhopvymplz,2
efih4wkt30b,2
egafie3ue1y,0
eh3xzavuldy,2
ehmmrjdzqeq,2
en1x53fuxgr,0
enygj0lgy3r,0
eo1oooez0yg,2
epac4wzdd15,2
ephx04npu1j,0
epvrov0gt4i,2
erjm3scbabe,0
erqr3xhoyym,0
etamxsdka3g,0
evlksd101xm,2
exehoszq44k,2
ezbyrc4jteh,2
f1khdxzvgav,2
f3hxhastq3s,0
f4asarst31p,2
favijp4n2yu,0
fbsickychtv,2
fcsk01aia5y,2
fe1pcvn2vvb,0
ffgyei1pavz,2
ffr3bebf2nm,0
fjvfr1m5vo4,0
fl2sxviwkjx,0
fofs14xkauu,2
fsgfwa3cybc,2
ftoixjfh4hv,0
ftzs10almvd,2
fxnaxygslme,0
fyx14h40rig,2
fzrb3jaddks,2
g0iy1iig2vt,2
g1li5wrbrm1,2
g2lfirjs4z3,2
g2q5ryk3xcr,0
g2rzjyjxs1p,2
g3ygxjinlv0,2
gaakzvu13ua,0
gake3zizhqo,0
gczf5zgvaeo,0
gfhlzilow5r,2
gfvaknuuigk,2
gghxloxkukw,0
gifousg2dcf,2
gk0wxv2cn4l,2
glpwjly0ood,2
gm5at1nyg4d,2
gmh45siq4rg,0
gmwahpc1xd3,0
gpjsnz3wlmv,0
gr3wjhchdg3,2
gr5ogjezngh,2
gtlnyfhrkrq,0
gu35hucndvn,0
gwtibt2yskm,0
gxv02p2pfyg,0
gzgjbuub44o,0
h0mrzt5aarz,2
h10fullwgv1,2
h1ebbfw1fix,2
hejpjkv0nws,2
hfzghzgzgv1,0
hgcfwdygpgx,2
hmmxyzp415p,0
hmok3twykra,2
hntqoxg3g5z,0
hpybw03lwgc,0
hr5lvgnjnuk,2
hrwqlz3hgld,2
hshohqmo5t4,0
huyt52igclc,0
hv2yalwmcri,2
hya1ldexrcp,0
i1bgaizcquw,0
i2kozirobcp,0
i3p5wnmdk2e,0
i40yflamsoe,2
i43niw555ck,0
i5qpsba3vx1,0
iazwkmucaoq,2
id1ztoc3hdt,2
igthtv1xh40,0
igwvd11mq52,2
ihr5azkkn4q,2
il0yqx0iajr,0
il251a5xeio,2
im42g2xnukm,2
imtx10xyjyr,0
in0q55jzda1,2
in2mz4r4f3d,2
infeiqk0ymq,2
inruzc13enm,0
iofdlv1iu1s,2
ipmhesxt5zy,2
ipy5xngzzd5,2
iqeknh1vtij,2
irjxeat0mm3,2
iu53ub24mrn,0
ivwihudt2n1,0
ivwrr1kyhru,0
iwt4ju02sx3,0
iyp0gtgso5y,2
iyvg2pzzk14,0
izdf5i11et3,2
izmlldp0hmb,2
j3gptnz4okc,0
jdjssdrszzg,0
jduu2wlnovz,2
jessk0qq5j5,2
jft0gsy3s01,0
jfyrl43n033,2
jhqjrh4yrwl,0
jjh2rdiqlcl,2
jkyeacmfkl3,2
jnlbodrkumx,2
joyshzhyszy,0
juxfxm0ff1s,2
jvblkszfbc0,0
jx250blfqdg,2
jyrqxvnyg2o,0
jzmdeb1vspb,0
k0deoglw5yu,2
k212oejsxag,0
k5k0y5jtxmh,2
ka3srales0i,0
kar1qrz5p2p,2
kawwsral4g0,0
kespjvr1uwb,0
kfsqriubbi5,0
kg02ao0zfox,2
kgaansihisr,0
kgknxejlgrl,2
khnity402w4,2
kig2g0pijuo,2
kl4ok0iodgb,2
kmpxu2elbvf,2
knmhuqidyuq,2
ko4dpcqpdnn,2
kolxy5iuqcs,2
kork5koper4,2
kpcq1jdxiyl,0
kpkhpf2blsv,0
kptpl2sdtan,0
kre2k3rmgkk,2
ks0zlfuvqcf,2
kt5yhyuc1pb,2
ku3xqjljm1g,2
kun2v1k1bbf,0
l0lju2k4cg1,2
l5fakxh4oqr,0
lbgsngbq4pg,0
lci34cc1hzl,2
ld5ov0uhm4k,2
le1zuumalv3,2
lesk33f2tjx,2
lewedgivpis,0
lfvqa0gvciu,2
lguj0hzoo13,0
lihz1wrkf5o,0
liw0ybbnjnh,0
lk344ofyvaz,2
lkbpxblfm3o,0
llyigqsvnaj,0
ltisvvd5ric,0
lufanf430gi,2
luoq0q2k3rc,0
ly3dlptrv1k,0
lyesqoleath,2
lyyqqn3hxox,0
m0ycyenm3bz,2
m223la4ps5m,2
m4sc21wyrwu,0
m5dl20i0zj2,2
m5hfkcefwjc,0
mbenwwrtfxz,2
meqigldmybb,2
mfb45h1bvja,0
mfnyys2qczr,2
mhqu4ecjck3,2
mi2wu1em4hz,2
mkdosj2hzp3,2
mlx25r2uuuz,2
mnk0ghfg1t5,2
mov1wqwn4va,2
mr53iuku1zr,2
msposrio23z,2
muv0zmivuta,0
mvgztdk5l45,2
mwv3oghwg30,2
mxcjseqpyri,2
n0jzrywe3km,0
n1buuh2ckjj,0
n1kmhav2ug4,0
n2by5x2naaq,2
n44ahnodssp,0
n5yviylo0cs,2
na03dgiiylk,0
naux24uaszg,2
nbgft3dmdun,0
nc2zn5fviy4,0
nd2xq5de2hd,0
ndpncs2034a,0
ndxlugbfatu,2
nelezxvvoj0,2
ngigd44ftfz,2
ni0lfj2co1y,0
nnesinvsqpn,2
nnst3mrcdif,2
nphu0ysj24m,2
nsgdclkpcjy,0
nv1ym5dms3x,0
nvhwqtxqr1w,2
nwweozbhp1b,0
nx5zl3kwzaa,2
nxlqo0o4fna,0
nxua0rggzru,0
nytpvxnaamm,0
o0xqff3kazy,0
o22cmhnmdvp,2
o2fgxiznxko,0
o2soas2amwg,2
o3e2ej2gnlf,0
o4zk312ehya,2
o55ejiskeal,0
o5fenvc45wb,0
oaoedv1garn,2
oax5cf5vplw,0
oc5f1iupknz,2
ogebjuesx0y,2
ogyik5hvs24,0
okvmub0pvqz,2
oliuoq1bww2,0
oljpe3du3fx,2
olyrcnhvgya,0
onxewktsp5l,0
ooaxrtauhtx,2
oqhptgo1zyg,2
orvau1n3qom,2
otlwxyxxi3i,0
ottr0dcelrh,0
ouekeyprb0q,2
ouq4wujfowt,0
ovjwblrtvgx,2
ovkqvbqoijr,2
oxfqk4ewd5j,0
p04gjz0nyn1,0
p0wpbgloujb,0
p1eigp3oa0h,2
p2h0qx5ixf4,2
p2tkxwvzqyh,2
p3mmandibmb,2
paf2udkw10q,0
pbvumpofyuy,2
pcxpnht1hw0,2
pe05hyjbeuo,2
pgjvqcqnw3a,2
ph3u3t2gxti,0
pi2uys10j3p,0
prh4claoqz0,0
psyj5knv4ew,0
ptodbsvaacl,2
pubxmmjrucy,0
pus0vxcdjfb,0
pvpgiy1eyem,0
pwobivgvhg2,2
pxqzihjokb5,2
pypj00jauza,2
q0z0yvab310,0
q1yf5l5j42r,0
q3nkp4l1spx,0
q522z0sjq3f,0
qegbh43rjz5,0
qep1onibjmi,0
qhox2a3eaq0,0
qissrzb3d5c,2
qixjjkohiy4,0
qjbpxiny0nq,0
qjnrutvxqwh,2
qlfsurcxc04,0
qlk1pv5yfsn,0
qmdcetlmxhb,0
qmipyhu2rag,0
qpcchjwgog1,0
qpewkfarrfh,2
qq3hcscislg,2
qtlciff0byx,0
qto4zq15cla,2
qu2hlfd5vp5,0
qxizy50csot,2
r04krgxcjni,2
r0cnffljr0g,0
r42ne1c3vpc,2
r5b1qk0rvqe,2
rakdihku5z3,0
rboj3njxnef,2
rdcpbhbwiem,2
rgem2tdvvsc,2
rgnztymgq3i,0
rj1ys3asay3,0
rjevluyhmco,0
rkwj11ouvxa,2
rm3ooueo2mq,0
rp1kgalqnrq,2
rpia0alo3oe,0
rq22okshi3v,2
rqtpqshcihq,0
rstxdmbtvkg,0
rxqdbgji2cu,0
s3efsaorevg,2
s4mcwsjqpie,0
salfwv52rgz,2
sbkemoxwzrr,2
scawpptruf0,0
sdkpt1po0zc,0
sdlv4ujjkt1,2
seeahcpegyq,0
sffera0a2bp,0
sgiu3yfrmcb,0
sgl4zxv3rn2,2
skmi2pbdfdf,2
smkjivk4qip,0
smwvumgb5h3,0
sorskf1r2i5,2
sozmq0popod,2
st0k1k0urxa,0
stndsqrk2gt,2
su3k5tnhbai,0
sv5kv5rt0sf,0
swdujoxxk3a,0
swmc3r5meqf,2
swsqpirxsde,0
sx2c5ks2hav,2
syedbsoomml,0
t01q4jy02o3,2
t0zxyw3l05r,2
t1yek44onyf,0
t2dxko4tm5m,0
t3lyymj53a0,0
tc1m22g20hc,0
tc2yiss12j5,2
tcz0xzi2kdk,2
tghz0ldh0zv,2
tj2ujxctp2s,2
tjxbosveyvn,2
tkkchtvjyek,2
tmu041es22b,0
tmxbmztefjc,0
tnd5x11ecb1,2
tnfpewbllug,0
tnmjh32ry5x,0
tnznhrpw5zy,2
tomqg0ntsso,0
tq0ceq3h2zy,2
trpqphy2b3v,2
tshrzjlxihi,0
tvj12lzqxds,2
twajeum3eqd,0
txilgqf1rrk,0
ty241tdmxle,0
tyo3p1m0nc1,0
tzibqyy5umq,0
u0qflq5j33h,0
u0ubsiqug4c,2
u14ak3tvq5m,0
u2zufv1dkvc,0
u3xueseooxz,0
u45mizz5yvh,0
u5mwzamwnar,2
ua1k5btspzk,0
uay0mzx2ebb,2
ubuaorxzqfs,0
udmmmq0onwj,2
uiati12bk5j,0
uisnitey3ay,0
ujivygd4tti,2
umd05ltaur5,0
uokoagul0ye,2
uomcawi0p1o,2
uv1stwjkiac,2
uvs3bn3x03z,2
uwk4sd41qog,0
uwp1qidqiar,2
uylqjhbjtro,0
v1kgkpyvrcj,2
v52yxnofryz,2
v5bk20bftyx,0
v5jzjhyktb2,2
vbog1dcc1de,0
vc1vpmovxga,0
vdpf2vd5ptl,0
vehyjksr0ck,2
vgolubucgp1,2
vjgtaqymqor,0
vk0dx3g3ljx,0
vkgyprcpnol,2
vnldfokqvkw,2
vq4q15cch3r,0
vqojlligodr,0
vsr0ekbnaal,0
vtgdsahmroe,0
vtltmryjqdt,2
vulzklkymde,0
vuxhs5zlarp,0
vves0jp01ak,0
vwn25xandx2,0
vxbqaqaswuq,0
vxjsvru3kc1,0
vyds3eg2iry,2
vyrjnvahpwk,2
vze1og3b05n,2
w0hhne0mflt,2
w133jgmutn4,0
w1v3aypkmoh,2
w5bastldgnw,0
wabf1xrpgda,0
wcyftv5cwhc,2
wejspn5ull4,0
weoixxa24cf,0
whjhnodzfhc,0
whur2jxsjwo,2
wkc5qhr4a0n,0
wl5wp4u3icj,2
wlpqj4ns0nb,2
wm3pg1myc2a,0
wmpgtee4o1e,2
wpbyc1lbvvz,2
wqi3i0bfc5r,2
wvj0zuf1zib,2
ww5ccad5j3f,0
wzin5a54waj,2
wztwhqtqcqq,2
x0xikvth4ht,0
x1ej2ceieqq,2
x23pnv2xqgm,0
x2fuycqe3jf,0
x3ubgyeigmh,2
x5ocj1ryzdl,2
xaa22grwz1d,2
xbwtgv2be52,2
xdky2s0btla,2
xdozq5gy13i,2
xdquxcnk3da,0
xer2ojxnt20,0
xhfb20bfesv,0
xhjxau0oi20,2
xlcbsnrihkc,2
xno4nkvzanj,2
xoucixeqhme,2
xrlclzargzo,0
xt4vfzn2m4v,0
xtghxvljb2q,2
xuqff5p5x5x,0
xvyfudytkte,2
xx0yglscjo2,0
xxvzgtwsr1n,0
xycfmb3x0lz,2
y0dnu1s0vgn,2
y0e21zdxoww,0
y0ye0safpfc,0
y2c333hy1xw,0
y43ie12dgsv,0
yahfdsgbpp1,2
ycn4dhezlw0,2
yfjw3owl44f,2
yg2yk53kr5k,0
yg3x2ru1rbs,0
yhjdvhse1rf,0
yi1ahuby0lk,0
yih5zdlbsak,2
yikdstiohlq,2
ylkxv10lh4j,2
yn2xxrioifa,2
yode2mpg5f0,0
yoknpsoj5gw,2
yragaaja1wf,0
ysjdejnzayq,2
z0xrarmxxti,0
z2vjphe1iuk,0
z3gbl1gkpie,2
z3up1bqdhfo,0
zb3sg1nyrg2,2
zbyifky1t2c,2
zcfz3ibujk2,0
zchw5xymdwt,2
zedznooeuq4,0
zeukmx3b4jo,0
zfjdkhavuhk,0
zfnnofoa0ea,2
zh4t5xgjudw,2
zjvxafky45u,0
zkw0immqbr1,0
zlpwpyqubml,0
zmvvzhpfwpf,2
zob3h1ykvhc,2
zpiky04kgjy,2
zpmr0hcsvz2,2
zpvbpz0ghiw,2
zscfbgnx4zb,0
zsuctzkyaoo,2
zualh5kflfy,0
zuwwqyplzjt,2
zuyocklx4xl,0
zwmw2ley2pq,2
zzdkht4hgh2,0
zzhdguslrdu,2