file,language
00ywwvulzwa.mp3,0
01rjjbm5mtn.mp3,0
04s5k4sungk.mp3,2
05uipha1itb.mp3,0
0cebfyh553l.mp3,2
0d0rfpzewzc.mp3,2
0d11h44yzbq.mp3,2
0ec1nsncnvc.mp3,0
0gownuh0352.mp3,2
0i2qzsozvsp.mp3,2
0i5z3orzymc.mp3,2
0kdk4yrhoc2.mp3,2
0tmi5nu21o0.mp3,2
0ujcc5vsbnh.mp3,0
0wkm23stttf.mp3,2
0wmrtwefmwj.mp3,0
0wttzps5s0f.mp3,2
0xcctu02iyx.mp3,2
0y3nfdwqfyn.mp3,2
1asgpbqmokr.mp3,2
1bpexgask0y.mp3,2
1cakdsum30k.mp3,2
1fwa0bfo3vs.mp3,0
1mqlurofzcu.mp3,0
1nc0wjirijz.mp3,0
1pggijevvem.mp3,2
1smbn4j3qry.mp3,0
1wifa3dsmpd.mp3,0
1ykdp4lp5ud.mp3,2
1yyn1gkhmvf.mp3,0
22beogjli3c.mp3,2
23fjuiialm2.mp3,2
23hw2wbqume.mp3,0
25cunnkzu0g.mp3,0
25ddeltl15h.mp3,0
2czq3regbma.mp3,0
2f2jkjym0ce.mp3,2
2flc0crdrum.mp3,0
2gk23agp2hp.mp3,0
2go4iosopnf.mp3,2
2if4oirbedu.mp3,2
2ijrmsw43m1.mp3,0
2is3tgjih2c.mp3,2
2k4zn5af4zh.mp3,2
2koff01p4cl.mp3,2
2lx5k3do3uv.mp3,0
2msjr3tf3oz.mp3,0
2qw2zhf4bmj.mp3,0
2s1szwbp0bu.mp3,2
2s1vmdoz35f.mp3,2
2sgpwo1rstm.mp3,0
2tyjwoa3ymc.mp3,2
2vr21zvz5zj.mp3,2
2wqojcbhwjc.mp3,2
2y4j5w5yvgn.mp3,0
2zrgzwzzfid.mp3,0
303i0jxtcgj.mp3,0
30kwtoyy3kh.mp3,0
30wakqpg0ik.mp3,0
32pesuxa1zk.mp3,0
32un2sjlose.mp3,0
32zc425w5ma.mp3,2
33dv3fbkx3n.mp3,0
34m2vw2vojo.mp3,2
3503wszdsxx.mp3,0
3bexxlcgbar.mp3,2
3e03hjze2hz.mp3,2
3emmoabevvf.mp3,0
3fet3eip1g3.mp3,0
3finev01axw.mp3,2
3fzcyv2xrce.mp3,2
3gcwygy0acq.mp3,2
3jrzmlivylq.mp3,2
3kibjx45510.mp3,2
3luadlz1imj.mp3,2
3o1l1zpjdqc.mp3,2
3piuebekss2.mp3,0
3q51xcd3ebx.mp3,0
3umzculuhu1.mp3,2
3vesmmxebuz.mp3,2
3vkq0ud3ox5.mp3,0
3vtrkvghzkd.mp3,2
3xuval2d5xf.mp3,0
412ajgqb1wp.mp3,2
44hhsusdcoj.mp3,0
44resubvuct.mp3,0
4aplyhc11dr.mp3,0
4b41wqocpcy.mp3,0
4e0oyawv1bg.mp3,2
4isjwyvevb5.mp3,2
4j22ovmijhg.mp3,2
4jdw2v3b2fy.mp3,0
4jwuywy4xrc.mp3,0
4khy25oflfi.mp3,0
4kv3rtor552.mp3,0
4lxtr2arkm3.mp3,2
4mksu3ihvgm.mp3,2
4nptseh022v.mp3,2
4po5vfu4nh2.mp3,0
4ryxvjo2pth.mp3,0
4tyart0o2gd.mp3,0
4v2huzqfljy.mp3,2
4wdthqiuro5.mp3,2
4yphyvq5d40.mp3,0
4yqe3vu5sjf.mp3,0
4zg0fyam2fs.mp3,0
4ztlvj0qyqi.mp3,0
4zuwvrhawhs.mp3,2
513lskr23aa.mp3,0
51zh0ncsb15.mp3,0
52rhtbmuxba.mp3,2
53eao4m11mv.mp3,2
53ldlwgyjqz.mp3,2
555mdf13wpr.mp3,2
5c41esw0ct0.mp3,0
5ddxyj5kn2j.mp3,0
5gsmw5f4l43.mp3,0
5hh2vophf2v.mp3,2
5jqkpeea41j.mp3,0
5jrd5fgrtps.mp3,2
5jtctenqku1.mp3,2
5kghm0bjkdl.mp3,0
5kk5jsonk4b.mp3,2
5mmfk5lgw0r.mp3,0
5ns34yssa5w.mp3,0
5nv13uuzqdp.mp3,2
5tktnekdmgc.mp3,0
5uv3cnuw0bd.mp3,0
5vfbugmcczp.mp3,0
5x5wdrbnsqj.mp3,2
5zarapevbnq.mp3,0
5zmpnwmxylf.mp3,0
a03lz2ak5kn.mp3,0
a2unduacq2x.mp3,0
aa21cc1o42s.mp3,0
ab1pezadwd2.mp3,2
ab1wqcnyugf.mp3,2
abfb4ajawqn.mp3,0
acampkldu3u.mp3,0
acbqi5dkgub.mp3,2
adrkuxynpaa.mp3,0
ae2ge2dqfpq.mp3,0
afpvq4et2ic.mp3,0
afzxv5fzkez.mp3,0
aganusmzddr.mp3,0
agrrkpy5n44.mp3,2
al2hwk2en3m.mp3,0
am5wsjmaq5z.mp3,2
apd5pvhdrxu.mp3,0
aqey2ox5fca.mp3,0
arcisnkaidz.mp3,2
atjixq225nr.mp3,2
avoyqjs1dvv.mp3,0
avykxfwcs1c.mp3,2
awijhguzn5l.mp3,2
axo5lmhcuqf.mp3,0
b0njebltr1x.mp3,0
b0ss3ugcisg.mp3,0
b2fcmbr4io1.mp3,2
b3g0elky1xs.mp3,0
b5uilbu1ml1.mp3,0
ba2jddly5kb.mp3,0
bajuodtm0bm.mp3,2
bbnuyjrfoqj.mp3,0
bctenehuqd0.mp3,0
bdiotrlcx13.mp3,0
biv3x2t2tib.mp3,2
bj4ghfae3hm.mp3,0
bkuj1gtwelk.mp3,0
bmbmvzat1es.mp3,2
bn5v0epkheh.mp3,0
bnb4sva5lj5.mp3,0
bnylrdneuix.mp3,0
bnznjd4bhld.mp3,2
bolc0vrxhqs.mp3,2
bowlgaznnpr.mp3,2
bpdfxtaesoa.mp3,2
bpiklyz2omp.mp3,2
bpmyq3c4apn.mp3,0
bsgtwb3ypad.mp3,2
bsiwzecam2i.mp3,2
bsprqlqxruv.mp3,2
bsrfbax05fi.mp3,0
bst43jgc2d4.mp3,0
bvdyzakh3rt.mp3,2
bveqjsjg25n.mp3,0
bwzpuhh3i11.mp3,2
bzypiq5ghg5.mp3,0
c1r0sucuu5y.mp3,2
c1s0ncqbbk0.mp3,2
c52raonencc.mp3,2
c5ed024j2e0.mp3,2
c5ldbmrgdql.mp3,0
cccg2iuurqj.mp3,0
cf5nvues3id.mp3,2
cfazboj4osr.mp3,2
cfswx14kpkc.mp3,2
cgve0vzgsfq.mp3,2
chm4z5i5bl0.mp3,2
cige4jhxcnq.mp3,0
ciy40asiagl.mp3,2
cjhj1g52rhz.mp3,0
cjnkmmlf0l2.mp3,0
clfnzwtvrj5.mp3,2
cpxjxd0okla.mp3,0
cqizy04s5sa.mp3,0
crv35cpf5jd.mp3,2
cvks1gesjch.mp3,2
cw0rgwmguf5.mp3,2
cxwfej0wedq.mp3,2
cyzk4v3wzh5.mp3,2
d0f11k3eg4z.mp3,0
d0o0unvp1xj.mp3,2
d3pzgcn3t4a.mp3,0
dawv01hmci0.mp3,0
dbslsw5jz4y.mp3,2
detl0wgn15g.mp3,2
dffftclapes.mp3,2
dgm0mssh3zi.mp3,0
diohk14ivqv.mp3,2
dkv5vfgo4th.mp3,0
dlupnzstdwi.mp3,0
do2yvtlohiy.mp3,0
dpsxcsj2cpk.mp3,0
dq0mgjoekcm.mp3,0
drbycecrh13.mp3,2
drqlixiy4rm.mp3,0
dtjshueca0v.mp3,2
dttjvfjauxr.mp3,0
dtu43qflmaa.mp3,0
du1txqd0m3s.mp3,0
dukjvcfblfo.mp3,2
dv22v4gdllj.mp3,0
dw2slkwjytv.mp3,0
dydkjjyewft.mp3,0
dz0znbcjpyv.mp3,2
e2ltpqtdbjp.mp3,2
e32vqu0wshi.mp3,0
e3o0as4ti0m.mp3,2
e4cey2gec1u.mp3,2
e4cl3abhynh.mp3,0
e5il4lgp2eb.mp3,2
edbqxcmmci4.mp3,0
edhopvymplz.mp3,2
efih4wkt30b.mp3,2
egafie3ue1y.mp3,0
eh3xzavuldy.mp3,2
ehmmrjdzqeq.mp3,2
en1x53fuxgr.mp3,0
enygj0lgy3r.mp3,0
eo1oooez0yg.mp3,2
epac4wzdd15.mp3,2
ephx04npu1j.mp3,0
epvrov0gt4i.mp3,2
erjm3scbabe.mp3,0
erqr3xhoyym.mp3,0
etamxsdka3g.mp3,0
evlksd101xm.mp3,2
exehoszq44k.mp3,2
ezbyrc4jteh.mp3,2
f1khdxzvgav.mp3,2
f3hxhastq3s.mp3,0
f4asarst31p.mp3,2
favijp4n2yu.mp3,0
fbsickychtv.mp3,2
fcsk01aia5y.mp3,2
fe1pcvn2vvb.mp3,0
ffgyei1pavz.mp3,2
ffr3bebf2nm.mp3,0
fjvfr1m5vo4.mp3,0
fl2sxviwkjx.mp3,0
fofs14xkauu.mp3,2
fsgfwa3cybc.mp3,2
ftoixjfh4hv.mp3,0
ftzs10almvd.mp3,2
fxnaxygslme.mp3,0
fyx14h40rig.mp3,2
fzrb3jaddks.mp3,2
g0iy1iig2vt.mp3,2
g1li5wrbrm1.mp3,2
g2lfirjs4z3.mp3,2
g2q5ryk3xcr.mp3,0
g2rzjyjxs1p.mp3,2
g3ygxjinlv0.mp3,2
gaakzvu13ua.mp3,0
gake3zizhqo.mp3,0
gczf5zgvaeo.mp3,0
gfhlzilow5r.mp3,2
gfvaknuuigk.mp3,2
gghxloxkukw.mp3,0
gifousg2dcf.mp3,2
gk0wxv2cn4l.mp3,2
glpwjly0ood.mp3,2
gm5at1nyg4d.mp3,2
gmh45siq4rg.mp3,0
gmwahpc1xd3.mp3,0
gpjsnz3wlmv.mp3,0
gr3wjhchdg3.mp3,2
gr5ogjezngh.mp3,2
gtlnyfhrkrq.mp3,0
gu35hucndvn.mp3,0
gwtibt2yskm.mp3,0
gxv02p2pfyg.mp3,0
gzgjbuub44o.mp3,0
h0mrzt5aarz.mp3,2
h10fullwgv1.mp3,2
h1ebbfw1fix.mp3,2
hejpjkv0nws.mp3,2
hfzghzgzgv1.mp3,0
hgcfwdygpgx.mp3,2
hmmxyzp415p.mp3,0
hmok3twykra.mp3,2
hntqoxg3g5z.mp3,0
hpybw03lwgc.mp3,0
hr5lvgnjnuk.mp3,2
hrwqlz3hgld.mp3,2
hshohqmo5t4.mp3,0
huyt52igclc.mp3,0
hv2yalwmcri.mp3,2
hya1ldexrcp.mp3,0
i1bgaizcquw.mp3,0
i2kozirobcp.mp3,0
i3p5wnmdk2e.mp3,0
i40yflamsoe.mp3,2
i43niw555ck.mp3,0
i5qpsba3vx1.mp3,0
iazwkmucaoq.mp3,2
id1ztoc3hdt.mp3,2
igthtv1xh40.mp3,0
igwvd11mq52.mp3,2
ihr5azkkn4q.mp3,2
il0yqx0iajr.mp3,0
il251a5xeio.mp3,2
im42g2xnukm.mp3,2
imtx10xyjyr.mp3,0
in0q55jzda1.mp3,2
in2mz4r4f3d.mp3,2
infeiqk0ymq.mp3,2
inruzc13enm.mp3,0
iofdlv1iu1s.mp3,2
ipmhesxt5zy.mp3,2
ipy5xngzzd5.mp3,2
iqeknh1vtij.mp3,2
irjxeat0mm3.mp3,2
iu53ub24mrn.mp3,0
ivwihudt2n1.mp3,0
ivwrr1kyhru.mp3,0
iwt4ju02sx3.mp3,0
iyp0gtgso5y.mp3,2
iyvg2pzzk14.mp3,0
izdf5i11et3.mp3,2
izmlldp0hmb.mp3,2
j3gptnz4okc.mp3,0
jdjssdrszzg.mp3,0
jduu2wlnovz.mp3,2
jessk0qq5j5.mp3,2
jft0gsy3s01.mp3,0
jfyrl43n033.mp3,2
jhqjrh4yrwl.mp3,0
jjh2rdiqlcl.mp3,2
jkyeacmfkl3.mp3,2
jnlbodrkumx.mp3,2
joyshzhyszy.mp3,0
juxfxm0ff1s.mp3,2
jvblkszfbc0.mp3,0
jx250blfqdg.mp3,2
jyrqxvnyg2o.mp3,0
jzmdeb1vspb.mp3,0
k0deoglw5yu.mp3,2
k212oejsxag.mp3,0
k5k0y5jtxmh.mp3,2
ka3srales0i.mp3,0
kar1qrz5p2p.mp3,2
kawwsral4g0.mp3,0
kespjvr1uwb.mp3,0
kfsqriubbi5.mp3,0
kg02ao0zfox.mp3,2
kgaansihisr.mp3,0
kgknxejlgrl.mp3,2
khnity402w4.mp3,2
kig2g0pijuo.mp3,2
kl4ok0iodgb.mp3,2
kmpxu2elbvf.mp3,2
knmhuqidyuq.mp3,2
ko4dpcqpdnn.mp3,2
kolxy5iuqcs.mp3,2
kork5koper4.mp3,2
kpcq1jdxiyl.mp3,0
kpkhpf2blsv.mp3,0
kptpl2sdtan.mp3,0
kre2k3rmgkk.mp3,2
ks0zlfuvqcf.mp3,2
kt5yhyuc1pb.mp3,2
ku3xqjljm1g.mp3,2
kun2v1k1bbf.mp3,0
l0lju2k4cg1.mp3,2
l5fakxh4oqr.mp3,0
lbgsngbq4pg.mp3,0
lci34cc1hzl.mp3,2
ld5ov0uhm4k.mp3,2
le1zuumalv3.mp3,2
lesk33f2tjx.mp3,2
lewedgivpis.mp3,0
lfvqa0gvciu.mp3,2
lguj0hzoo13.mp3,0
lihz1wrkf5o.mp3,0
liw0ybbnjnh.mp3,0
lk344ofyvaz.mp3,2
lkbpxblfm3o.mp3,0
llyigqsvnaj.mp3,0
ltisvvd5ric.mp3,0
lufanf430gi.mp3,2
luoq0q2k3rc.mp3,0
ly3dlptrv1k.mp3,0
lyesqoleath.mp3,2
lyyqqn3hxox.mp3,0
m0ycyenm3bz.mp3,2
m223la4ps5m.mp3,2
m4sc21wyrwu.mp3,0
m5dl20i0zj2.mp3,2
m5hfkcefwjc.mp3,0
mbenwwrtfxz.mp3,2
meqigldmybb.mp3,2
mfb45h1bvja.mp3,0
mfnyys2qczr.mp3,2
mhqu4ecjck3.mp3,2
mi2wu1em4hz.mp3,2
mkdosj2hzp3.mp3,2
mlx25r2uuuz.mp3,2
mnk0ghfg1t5.mp3,2
mov1wqwn4va.mp3,2
mr53iuku1zr.mp3,2
msposrio23z.mp3,2
muv0zmivuta.mp3,0
mvgztdk5l45.mp3,2
mwv3oghwg30.mp3,2
mxcjseqpyri.mp3,2
n0jzrywe3km.mp3,0
n1buuh2ckjj.mp3,0
n1kmhav2ug4.mp3,0
n2by5x2naaq.mp3,2
n44ahnodssp.mp3,0
n5yviylo0cs.mp3,2
na03dgiiylk.mp3,0
naux24uaszg.mp3,2
nbgft3dmdun.mp3,0
nc2zn5fviy4.mp3,0
nd2xq5de2hd.mp3,0
ndpncs2034a.mp3,0
ndxlugbfatu.mp3,2
nelezxvvoj0.mp3,2
ngigd44ftfz.mp3,2
ni0lfj2co1y.mp3,0
nnesinvsqpn.mp3,2
nnst3mrcdif.mp3,2
nphu0ysj24m.mp3,2
nsgdclkpcjy.mp3,0
nv1ym5dms3x.mp3,0
nvhwqtxqr1w.mp3,2
nwweozbhp1b.mp3,0
nx5zl3kwzaa.mp3,2
nxlqo0o4fna.mp3,0
nxua0rggzru.mp3,0
nytpvxnaamm.mp3,0
o0xqff3kazy.mp3,0
o22cmhnmdvp.mp3,2
o2fgxiznxko.mp3,0
o2soas2amwg.mp3,2
o3e2ej2gnlf.mp3,0
o4zk312ehya.mp3,2
o55ejiskeal.mp3,0
o5fenvc45wb.mp3,0
oaoedv1garn.mp3,2
oax5cf5vplw.mp3,0
oc5f1iupknz.mp3,2
ogebjuesx0y.mp3,2
ogyik5hvs24.mp3,0
okvmub0pvqz.mp3,2
oliuoq1bww2.mp3,0
oljpe3du3fx.mp3,2
olyrcnhvgya.mp3,0
onxewktsp5l.mp3,0
ooaxrtauhtx.mp3,2
oqhptgo1zyg.mp3,2
orvau1n3qom.mp3,2
otlwxyxxi3i.mp3,0
ottr0dcelrh.mp3,0
ouekeyprb0q.mp3,2
ouq4wujfowt.mp3,0
ovjwblrtvgx.mp3,2
ovkqvbqoijr.mp3,2
oxfqk4ewd5j.mp3,0
p04gjz0nyn1.mp3,0
p0wpbgloujb.mp3,0
p1eigp3oa0h.mp3,2
p2h0qx5ixf4.mp3,2
p2tkxwvzqyh.mp3,2
p3mmandibmb.mp3,2
paf2udkw10q.mp3,0
pbvumpofyuy.mp3,2
pcxpnht1hw0.mp3,2
pe05hyjbeuo.mp3,2
pgjvqcqnw3a.mp3,2
ph3u3t2gxti.mp3,0
pi2uys10j3p.mp3,0
prh4claoqz0.mp3,0
psyj5knv4ew.mp3,0
ptodbsvaacl.mp3,2
pubxmmjrucy.mp3,0
pus0vxcdjfb.mp3,0
pvpgiy1eyem.mp3,0
pwobivgvhg2.mp3,2
pxqzihjokb5.mp3,2
pypj00jauza.mp3,2
q0z0yvab310.mp3,0
q1yf5l5j42r.mp3,0
q3nkp4l1spx.mp3,0
q522z0sjq3f.mp3,0
qegbh43rjz5.mp3,0
qep1onibjmi.mp3,0
qhox2a3eaq0.mp3,0
qissrzb3d5c.mp3,2
qixjjkohiy4.mp3,0
qjbpxiny0nq.mp3,0
qjnrutvxqwh.mp3,2
qlfsurcxc04.mp3,0
qlk1pv5yfsn.mp3,0
qmdcetlmxhb.mp3,0
qmipyhu2rag.mp3,0
qpcchjwgog1.mp3,0
qpewkfarrfh.mp3,2
qq3hcscislg.mp3,2
qtlciff0byx.mp3,0
qto4zq15cla.mp3,2
qu2hlfd5vp5.mp3,0
qxizy50csot.mp3,2
r04krgxcjni.mp3,2
r0cnffljr0g.mp3,0
r42ne1c3vpc.mp3,2
r5b1qk0rvqe.mp3,2
rakdihku5z3.mp3,0
rboj3njxnef.mp3,2
rdcpbhbwiem.mp3,2
rgem2tdvvsc.mp3,2
rgnztymgq3i.mp3,0
rj1ys3asay3.mp3,0
rjevluyhmco.mp3,0
rkwj11ouvxa.mp3,2
rm3ooueo2mq.mp3,0
rp1kgalqnrq.mp3,2
rpia0alo3oe.mp3,0
rq22okshi3v.mp3,2
rqtpqshcihq.mp3,0
rstxdmbtvkg.mp3,0
rxqdbgji2cu.mp3,0
s3efsaorevg.mp3,2
s4mcwsjqpie.mp3,0
salfwv52rgz.mp3,2
sbkemoxwzrr.mp3,2
scawpptruf0.mp3,0
sdkpt1po0zc.mp3,0
sdlv4ujjkt1.mp3,2
seeahcpegyq.mp3,0
sffera0a2bp.mp3,0
sgiu3yfrmcb.mp3,0
sgl4zxv3rn2.mp3,2
skmi2pbdfdf.mp3,2
smkjivk4qip.mp3,0
smwvumgb5h3.mp3,0
sorskf1r2i5.mp3,2
sozmq0popod.mp3,2
st0k1k0urxa.mp3,0
stndsqrk2gt.mp3,2
su3k5tnhbai.mp3,0
sv5kv5rt0sf.mp3,0
swdujoxxk3a.mp3,0
swmc3r5meqf.mp3,2
swsqpirxsde.mp3,0
sx2c5ks2hav.mp3,2
syedbsoomml.mp3,0
t01q4jy02o3.mp3,2
t0zxyw3l05r.mp3,2
t1yek44onyf.mp3,0
t2dxko4tm5m.mp3,0
t3lyymj53a0.mp3,0
tc1m22g20hc.mp3,0
tc2yiss12j5.mp3,2
tcz0xzi2kdk.mp3,2
tghz0ldh0zv.mp3,2
tj2ujxctp2s.mp3,2
tjxbosveyvn.mp3,2
tkkchtvjyek.mp3,2
tmu041es22b.mp3,0
tmxbmztefjc.mp3,0
tnd5x11ecb1.mp3,2
tnfpewbllug.mp3,0
tnmjh32ry5x.mp3,0
tnznhrpw5zy.mp3,2
tomqg0ntsso.mp3,0
tq0ceq3h2zy.mp3,2
trpqphy2b3v.mp3,2
tshrzjlxihi.mp3,0
tvj12lzqxds.mp3,2
twajeum3eqd.mp3,0
txilgqf1rrk.mp3,0
ty241tdmxle.mp3,0
tyo3p1m0nc1.mp3,0
tzibqyy5umq.mp3,0
u0qflq5j33h.mp3,0
u0ubsiqug4c.mp3,2
u14ak3tvq5m.mp3,0
u2zufv1dkvc.mp3,0
u3xueseooxz.mp3,0
u45mizz5yvh.mp3,0
u5mwzamwnar.mp3,2
ua1k5btspzk.mp3,0
uay0mzx2ebb.mp3,2
ubuaorxzqfs.mp3,0
udmmmq0onwj.mp3,2
uiati12bk5j.mp3,0
uisnitey3ay.mp3,0
ujivygd4tti.mp3,2
umd05ltaur5.mp3,0
uokoagul0ye.mp3,2
uomcawi0p1o.mp3,2
uv1stwjkiac.mp3,2
uvs3bn3x03z.mp3,2
uwk4sd41qog.mp3,0
uwp1qidqiar.mp3,2
uylqjhbjtro.mp3,0
v1kgkpyvrcj.mp3,2
v52yxnofryz.mp3,2
v5bk20bftyx.mp3,0
v5jzjhyktb2.mp3,2
vbog1dcc1de.mp3,0
vc1vpmovxga.mp3,0
vdpf2vd5ptl.mp3,0
vehyjksr0ck.mp3,2
vgolubucgp1.mp3,2
vjgtaqymqor.mp3,0
vk0dx3g3ljx.mp3,0
vkgyprcpnol.mp3,2
vnldfokqvkw.mp3,2
vq4q15cch3r.mp3,0
vqojlligodr.mp3,0
vsr0ekbnaal.mp3,0
vtgdsahmroe.mp3,0
vtltmryjqdt.mp3,2
vulzklkymde.mp3,0
vuxhs5zlarp.mp3,0
vves0jp01ak.mp3,0
vwn25xandx2.mp3,0
vxbqaqaswuq.mp3,0
vxjsvru3kc1.mp3,0
vyds3eg2iry.mp3,2
vyrjnvahpwk.mp3,2
vze1og3b05n.mp3,2
w0hhne0mflt.mp3,2
w133jgmutn4.mp3,0
w1v3aypkmoh.mp3,2
w5bastldgnw.mp3,0
wabf1xrpgda.mp3,0
wcyftv5cwhc.mp3,2
wejspn5ull4.mp3,0
weoixxa24cf.mp3,0
whjhnodzfhc.mp3,0
whur2jxsjwo.mp3,2
wkc5qhr4a0n.mp3,0
wl5wp4u3icj.mp3,2
wlpqj4ns0nb.mp3,2
wm3pg1myc2a.mp3,0
wmpgtee4o1e.mp3,2
wpbyc1lbvvz.mp3,2
wqi3i0bfc5r.mp3,2
wvj0zuf1zib.mp3,2
ww5ccad5j3f.mp3,0
wzin5a54waj.mp3,2
wztwhqtqcqq.mp3,2
x0xikvth4ht.mp3,0
x1ej2ceieqq.mp3,2
x23pnv2xqgm.mp3,0
x2fuycqe3jf.mp3,0
x3ubgyeigmh.mp3,2
x5ocj1ryzdl.mp3,2
xaa22grwz1d.mp3,2
xbwtgv2be52.mp3,2
xdky2s0btla.mp3,2
xdozq5gy13i.mp3,2
xdquxcnk3da.mp3,0
xer2ojxnt20.mp3,0
xhfb20bfesv.mp3,0
xhjxau0oi20.mp3,2
xlcbsnrihkc.mp3,2
xno4nkvzanj.mp3,2
xoucixeqhme.mp3,2
xrlclzargzo.mp3,0
xt4vfzn2m4v.mp3,0
xtghxvljb2q.mp3,2
xuqff5p5x5x.mp3,0
xvyfudytkte.mp3,2
xx0yglscjo2.mp3,0
xxvzgtwsr1n.mp3,0
xycfmb3x0lz.mp3,2
y0dnu1s0vgn.mp3,2
y0e21zdxoww.mp3,0
y0ye0safpfc.mp3,0
y2c333hy1xw.mp3,0
y43ie12dgsv.mp3,0
yahfdsgbpp1.mp3,2
ycn4dhezlw0.mp3,2
yfjw3owl44f.mp3,2
yg2yk53kr5k.mp3,0
yg3x2ru1rbs.mp3,0
yhjdvhse1rf.mp3,0
yi1ahuby0lk.mp3,0
yih5zdlbsak.mp3,2
yikdstiohlq.mp3,2
ylkxv10lh4j.mp3,2
yn2xxrioifa.mp3,2
yode2mpg5f0.mp3,0
yoknpsoj5gw.mp3,2
yragaaja1wf.mp3,0
ysjdejnzayq.mp3,2
z0xrarmxxti.mp3,0
z2vjphe1iuk.mp3,0
z3gbl1gkpie.mp3,2
z3up1bqdhfo.mp3,0
zb3sg1nyrg2.mp3,2
zbyifky1t2c.mp3,2
zcfz3ibujk2.mp3,0
zchw5xymdwt.mp3,2
zedznooeuq4.mp3,0
zeukmx3b4jo.mp3,0
zfjdkhavuhk.mp3,0
zfnnofoa0ea.mp3,2
zh4t5xgjudw.mp3,2
zjvxafky45u.mp3,0
zkw0immqbr1.mp3,0
zlpwpyqubml.mp3,0
zmvvzhpfwpf.mp3,2
zob3h1ykvhc.mp3,2
zpiky04kgjy.mp3,2
zpmr0hcsvz2.mp3,2
zpvbpz0ghiw.mp3,2
zscfbgnx4zb.mp3,0
zsuctzkyaoo.mp3,2
zualh5kflfy.mp3,0
zuwwqyplzjt.mp3,2
zuyocklx4xl.mp3,0
zwmw2ley2pq.mp3,2
zzdkht4hgh2.mp3,0
zzhdguslrdu.mp3,2
